Workbook

Sheet Sheet1
A1: persons.id | B1: currentPersons.id | C1: countryCode | D1: city
A2: 4580292 | B2: 4580292 | C2: =IFERROR(INDEX(Countries!A:A, MATCH(D2,Countries!B:B, 0)), "") -> US | D2: Ft. Lauderdale
A3: 4580293 | B3: 4580293 | C3: =IFERROR(INDEX(Countries!A:A, MATCH(D3,Countries!B:B, 0)), "") -> IT | D3: Viareggio
A4: 4580297 | B4: 4580297 | C4: =IFERROR(INDEX(Countries!A:A, MATCH(D4,Countries!B:B, 0)), "") -> US | D4: Ft. Lauderdale
A5: 4580299 | B5: 4580299 | C5: =IFERROR(INDEX(Countries!A:A, MATCH(D5,Countries!B:B, 0)), "") -> FR | D5: Antibes
A6: 4580302 | B6: 4580302 | C6: =IFERROR(INDEX(Countries!A:A, MATCH(D6,Countries!B:B, 0)), "") -> IT | D6: Viareggio
A7: 4580298 | B7: 4580298 | C7: =IFERROR(INDEX(Countries!A:A, MATCH(D7,Countries!B:B, 0)), "") -> US | D7: Ft. Lauderdale
A8: 4580313 | B8: 4580313 | C8: =IFERROR(INDEX(Countries!A:A, MATCH(D8,Countries!B:B, 0)), "") -> FR | D8: Antibes
A9: 4580316 | B9: 4580316 | C9: =IFERROR(INDEX(Countries!A:A, MATCH(D9,Countries!B:B, 0)), "") -> FR | D9: Antibes
A10: 4580319 | B10: 4580319 | C10: =IFERROR(INDEX(Countries!A:A, MATCH(D10,Countries!B:B, 0)), "") -> IT | D10: Viareggio
A11: 4580323 | B11: 4580323 | C11: =IFERROR(INDEX(Countries!A:A, MATCH(D11,Countries!B:B, 0)), "") -> FR | D11: Antibes
A12: 4580325 | B12: 4580325 | C12: =IFERROR(INDEX(Countries!A:A, MATCH(D12,Countries!B:B, 0)), "") -> IT | D12: Viareggio
A13: 4580329 | B13: 4580329 | C13: =IFERROR(INDEX(Countries!A:A, MATCH(D13,Countries!B:B, 0)), "") -> US | D13: Ft. Lauderdale
... A2304: 4590629 | B2304: 4590629 | C2304: =IFERROR(INDEX(Countries!A:A, MATCH(D2304,Countries!B:B, 0)), "") -> FR | D2304: Antibes

Sheet Countries
A1: CountryCode | B1: City | C1: City real name
A2: US | B2: Fort Lauderdale | C2: Ft. Lauderdale
A3: FR | B3: Antibes
A4: NZ | B4: Auckland
A5: ES | B5: Palma de Mallorca
A6: US | B6: Ft. Lauderdale
A7: US | B7: San Diego
A8: AU | B8: Australia
A9: US | B9: Ft. Lauderdale / US East Coast | C9: Ft. Lauderdale
A10: CA | B10: Canada
A11: FR | B11: Antibes / France | C11: Antibes
A12: ES | B12: Palma de Mallorca / Spain | C12: Palma de Mallorca
A13: GB | B13: United Kingdom
A14: ES | B14: Barcelona
A15: IT | B15: Viareggio / Italy | C15: Viareggio
A16: ES | B16: Barcelona / Spain
A17: US | B17: Newport RI | C17: Newport
A18: ZA | B18: South Africa
A19: AU | B19: Australia/NZ
A20: US | B20: US West Coast
A21: MX | B21: Central America/Mexico
A22: IT | B22: Viareggio
